"entrezgene_id","hgnc_symbol","mirna1","mirna2","Two_Var_XZ","Two_Var_YZ","Lancaster_XY_Z","is_mrna_tf","mirna1Literature","mirna2Literature","mrnaLiterature","miRNA1_mRNA_DB","miRNA2_mRNA_DB","median1","median2","miRNA1_pvalue","miRNA1_logFC","miRNA2_pvalue","miRNA2_logFC","mRNA_pvalue","mRNA_logFC"
1289,"COL5A1","hsa-mir-33b-5p","hsa-mir-338-5p",0.55,0.1865,0.005,FALSE,"NA","NA","NA"," tarbase "," tarbase ",19.7849400905572,18.3095742258863,0.0122337571210991,-0.768645183617741,0.350208419592734,0.300047218221764,0.272282332230678,0.140588968205049
1317,"SLC31A1","hsa-mir-10a-3p","hsa-mir-214-3p",0.0555,0.056,5e-04,FALSE,"NA","NA","NA"," tarbase "," tarbase ",18.5535190707343,16.9661136948782,0.58401296119118,0.20784799765085,0.758667215415774,0.0979436255901189,0.0670418897873774,-0.223902961669103
1871,"E2F3","hsa-mir-378c","hsa-mir-188-3p",0.3945,0.522,0.0085,TRUE,"NA","NA","NA"," tarbase ","mirtarbase  ",17.509155620601,16.4222211399271,5.94109649925874e-05,-1.12596129505487,0.0879764219684743,-0.759395928837808,0.386471142023885,0.115496589154565
3213,"HOXB3","hsa-mir-885-5p","hsa-mir-122-5p",0.4745,0.0645,0.0075,TRUE,"NA","NA","NA","mirtarbase  "," tarbase ",16.6143603572788,13.965796770064,5.95652587149934e-07,-1.33667361611249,1.13658827484822e-05,-0.835916122378796,0.423663525449468,0.11323341626123
3423,"IDS","hsa-mir-193b-5p","hsa-mir-1271-5p",0.63,0.0735,0.008,FALSE,"NA","NA","NA"," tarbase "," tarbase ",19.0015050103397,17.9677949108112,0.00357857135750181,-0.805615911288242,0.972693632381842,0.013796529540906,0.657210037743868,0.0564841092116962
3480,"IGF1R","hsa-mir-148a-3p","hsa-mir-3065-3p",0.1875,0.63,0.002,FALSE,"NA","NA","<a href='https://pubmed.ncbi.nlm.nih.gov/31205529'>PubMedLink</a>
<a href='https://pubmed.ncbi.nlm.nih.gov/31205529'>PubMedLink</a>"," tarbase "," tarbase ",15.5080836753728,13.2777321796446,0.102174704612462,-0.21723235571998,0.0398653167009213,-0.467829271979431,0.13289055234135,0.211273992470311
4602,"MYB","hsa-mir-192-5p","hsa-mir-122-5p",0.737,0.8495,0.007,TRUE,"NA","NA","NA","mirtarbase tarbase "," tarbase ",12.9188584012582,11.5947118662345,0.157967403548531,-0.19618679903471,1.13658827484822e-05,-0.835916122378796,0.0131727449004933,0.417306430974994
4853,"NOTCH2","hsa-mir-326","hsa-mir-532-3p",0.601,0.535,5e-04,FALSE,"NA","NA","<a href='https://pubmed.ncbi.nlm.nih.gov/29378174'>PubMedLink</a>
<a href='https://pubmed.ncbi.nlm.nih.gov/29545603'>PubMedLink</a>
<a href='https://pubmed.ncbi.nlm.nih.gov/29545603'>PubMedLink</a>","mirtarbase  "," tarbase ",18.7412944343851,17.3081880550538,0.226618454967352,-0.425326946025293,0.90146660630748,-0.0291035532170092,0.764829044638542,0.0380574051368853
4853,"NOTCH2","hsa-mir-33a-3p","hsa-mir-326",0.8115,0.487,0.003,FALSE,"NA","NA","<a href='https://pubmed.ncbi.nlm.nih.gov/29378174'>PubMedLink</a>
<a href='https://pubmed.ncbi.nlm.nih.gov/29545603'>PubMedLink</a>
<a href='https://pubmed.ncbi.nlm.nih.gov/29545603'>PubMedLink</a>"," tarbase ","mirtarbase  ",18.9879075152691,17.0956094682708,0.0155143175439039,-0.893079622450275,0.226618454967352,-0.425326946025293,0.764829044638542,0.0380574051368853
4884,"NPTX1","hsa-mir-30d-3p","hsa-mir-224-3p",0.066,0.3145,0.0015,FALSE,"NA","NA","NA"," tarbase "," tarbase ",15.2917867979984,14.0380476968329,0.87834096108452,0.0420344187526086,0.143432537068549,0.591547212258732,6.54168739686e-05,1.1224692249952
5660,"PSAP","hsa-mir-3127-5p","hsa-mir-454-5p",0.076,0.114,0.009,FALSE,"NA","NA","NA"," tarbase "," tarbase ",23.8512023063396,22.7463098560534,0.0768817655755204,0.698692182349513,0.0089850736927602,1.93980484464463,0.792652598817891,-0.029050011734512
5980,"REV3L","hsa-mir-592","hsa-mir-194-5p",0.129,0.1085,0.007,FALSE,"NA","NA","NA"," tarbase "," tarbase ",15.0593153685347,14.05216014757,0.319750237178059,0.318724458751386,0.207161060233289,-0.183965617404431,0.808396805448679,-0.0331556248327535
6711,"SPTBN1","hsa-mir-326","hsa-mir-191-3p",0.345,0.6165,0.0045,FALSE,"NA","NA","NA"," tarbase "," tarbase ",20.2923561199419,18.2529513391943,0.226618454967352,-0.425326946025293,0.0900020817248622,-0.831999465089897,0.975816955343378,-0.00363093116877294
7049,"TGFBR3","hsa-mir-193b-3p","hsa-mir-582-5p",0.248,0.6805,0.0015,FALSE,"NA","NA","<a href='https://pubmed.ncbi.nlm.nih.gov/29725386'>PubMedLink</a>","mirtarbase tarbase ","mirtarbase  ",16.2526184831288,15.0722287740362,0.247460833800082,-0.23754434132192,0.184742290101971,-0.377864244611054,0.336585074329285,-0.125720094300336
7094,"TLN1","hsa-mir-338-3p","hsa-mir-760",0.783,0.495,0.0035,FALSE,"NA","NA","NA"," tarbase ","mirtarbase  ",19.9956847859104,18.9101447166827,0.379366503026289,0.154302290317191,0.162826321047168,0.870167301100031,0.962857233384228,0.00563721799160196
7163,"TPD52","hsa-mir-139-5p","hsa-mir-146b-5p",0.182,0.429,0.008,FALSE,"NA","NA","<a href='https://pubmed.ncbi.nlm.nih.gov/31661142'>PubMedLink</a>","mirtarbase  "," tarbase ",18.5258171016766,17.2774736042036,0.00185470694674311,-0.606128351485674,0.494464417430927,-0.118558088074896,0.77195420197844,0.0370252467335892
7163,"TPD52","hsa-mir-146b-5p","hsa-mir-146a-5p",0.2715,0.276,0.004,FALSE,"NA","NA","<a href='https://pubmed.ncbi.nlm.nih.gov/31661142'>PubMedLink</a>"," tarbase "," tarbase ",18.3695333814981,17.1363293307154,0.494464417430927,-0.118558088074896,0.946025376993405,-0.0139163724995265,0.77195420197844,0.0370252467335892
7381,"UQCRB","hsa-mir-584-5p","hsa-mir-411-5p",0.147,0.4445,0.0085,FALSE,"NA","NA","NA"," tarbase ","mirtarbase  ",19.3391923856756,18.1422786350874,0.832603045155641,0.047244626886493,0.549888347789824,-0.172990742170506,0.95213086482066,-0.00736621309178719
7436,"VLDLR","hsa-mir-376c-3p","hsa-mir-493-3p",0.179,0.2035,0.008,FALSE,"NA","NA","NA","mirtarbase  ","mirtarbase  ",16.1504042547218,14.0838303981168,0.935087600594991,-0.022571486059579,0.30462303472185,0.33132274240934,0.357481011351898,0.13317839104584
7975,"MAFK","hsa-mir-532-3p","hsa-mir-188-3p",0.238,0.091,0.002,TRUE,"NA","NA","NA","mirtarbase tarbase "," tarbase ",18.4977649346478,17.3850802049452,0.90146660630748,-0.0291035532170092,0.0879764219684743,-0.759395928837808,0.810603217522324,0.0303030085911538
8365,"H4C8","hsa-mir-9-5p","hsa-mir-1228-5p",0.367,0.0505,0.007,FALSE,"NA","NA","NA","mirtarbase tarbase ","mirtarbase  ",17.1676310030979,15.1785374730366,0.246941415978906,0.229046684199239,0.0181688406966842,-1.20377683768206,0.000319626572655625,0.515619610503777
8829,"NRP1","hsa-mir-326","hsa-mir-9-5p",0.364,0.724,0.003,FALSE,"NA","NA","<a href='https://pubmed.ncbi.nlm.nih.gov/28618167'>PubMedLink</a>"," tarbase ","mirtarbase  ",18.0677905196749,16.4436483116213,0.226618454967352,-0.425326946025293,0.246941415978906,0.229046684199239,0.861386113146734,0.0221509793977674
9411,"ARHGAP29","hsa-mir-192-5p","hsa-mir-192-3p",0.2345,0.1975,0.0025,FALSE,"NA","NA","NA","mirtarbase tarbase "," tarbase ",17.5099165094755,16.4039566992762,0.157967403548531,-0.19618679903471,0.0176799445372592,-0.486014244234658,0.961715413430175,-0.00624573320157149
9497,"SLC4A7","hsa-mir-548j-5p","hsa-mir-196a-5p",0.518,0.9355,0.0025,FALSE,"NA","NA","NA"," tarbase "," tarbase ",16.0521039188729,14.5078729673045,0.0771155731727196,-0.877754002589558,0.0164293854966801,1.33664549308257,0.74959974688327,0.0446144477219231
9877,"ZC3H11A","hsa-mir-139-5p","hsa-mir-221-5p",0.4135,0.038,0.006,FALSE,"NA","NA","NA"," tarbase "," tarbase ",19.3934679364148,18.3397977559719,0.00185470694674311,-0.606128351485674,0.0974981285092568,1.0569878721258,0.857319560184376,0.0223687512800433
10079,"ATP9A","hsa-mir-511-5p","hsa-mir-629-3p",0.469,0.2535,0.0055,FALSE,"NA","NA","NA"," tarbase "," tarbase ",18.607310129497,17.0947503450263,0.00314296879067613,-0.84208314425706,0.32988758925381,0.354910105792312,0.610990364073093,0.0647958025719772
10079,"ATP9A","hsa-mir-625-5p","hsa-mir-616-3p",0.7955,0.093,0.0045,FALSE,"NA","NA","NA"," tarbase "," tarbase ",18.853224142572,17.0947503450263,0.276382726619067,0.492106798224773,0.0210757409140762,-0.925617326823995,0.610990364073093,0.0647958025719772
10371,"SEMA3A","hsa-mir-30a-5p","hsa-mir-30d-5p",0.0335,0.035,0.0045,FALSE,"NA","NA","NA"," tarbase "," tarbase ",15.1501135680359,12.3407696872849,0.385485626323246,0.11972575200118,0.371593227717104,0.128771328552901,0.29977994518749,0.166076262869639
23049,"SMG1","hsa-mir-1307-3p","hsa-mir-1266-5p",0.22,0.552,0.0085,FALSE,"NA","NA","NA","mirtarbase  "," tarbase ",16.8389820879914,15.5475084383824,0.74859330442225,0.0544392375919352,0.00388453015993992,1.17721917616046,0.934741428350593,-0.0107755284860502
23049,"SMG1","hsa-mir-676-3p","hsa-mir-577",0.0665,0.379,0.0085,FALSE,"NA","NA","NA"," tarbase "," tarbase ",17.0744305253192,15.9074917731518,0.664641987885898,-0.18608087185371,0.0152632232532775,1.53806981212826,0.934741428350593,-0.0107755284860502
23066,"CAND2","hsa-mir-148a-3p","hsa-mir-3065-3p",0.7705,0.781,0.005,FALSE,"NA","NA","NA"," tarbase "," tarbase ",13.2002222731447,11.1015323769803,0.102174704612462,-0.21723235571998,0.0398653167009213,-0.467829271979431,0.180031499469472,-0.190581649557453
23321,"TRIM2","hsa-mir-3117-3p","hsa-mir-192-5p",0.7755,0.0275,0.0055,FALSE,"NA","NA","NA","mirtarbase  "," tarbase ",16.0569212436611,14.7297400890798,0.191055935041212,0.952038665785133,0.157967403548531,-0.19618679903471,0.568902544456508,-0.0749893299788366
23336,"SYNM","hsa-mir-192-5p","hsa-mir-23b-5p",0.1335,0.099,0.007,FALSE,"NA","NA","NA","mirtarbase  "," tarbase ",16.4278217414171,14.4230527400584,0.157967403548531,-0.19618679903471,0.930458723675629,0.0440610126301718,0.782438481152953,0.0374729456503833
23468,"CBX5","hsa-mir-141-5p","hsa-mir-429",0.2475,0.031,0.002,FALSE,"NA","NA","<a href='https://pubmed.ncbi.nlm.nih.gov/27385214'>PubMedLink</a>
<a href='https://pubmed.ncbi.nlm.nih.gov/28230864'>PubMedLink</a>"," tarbase "," tarbase ",18.6117853642549,17.223930128903,0.0281554655593838,0.839111241242355,0.00733555780841485,0.616446502992409,0.37920216939118,0.114085728552255
23468,"CBX5","hsa-mir-200c-3p","hsa-mir-429",0.257,0.0315,0,FALSE,"NA","NA","<a href='https://pubmed.ncbi.nlm.nih.gov/27385214'>PubMedLink</a>
<a href='https://pubmed.ncbi.nlm.nih.gov/28230864'>PubMedLink</a>"," tarbase "," tarbase ",18.3834014193421,17.223930128903,0.0258118595158852,0.463929104973786,0.00733555780841485,0.616446502992409,0.37920216939118,0.114085728552255
27250,"PDCD4","hsa-mir-485-3p","hsa-mir-493-5p",0.446,0.463,0.007,FALSE,"NA","NA","<a href='https://pubmed.ncbi.nlm.nih.gov/22213145'>PubMedLink</a>
<a href='https://pubmed.ncbi.nlm.nih.gov/23417858'>PubMedLink</a>"," tarbase "," tarbase ",19.2454050356549,18.1389754866779,0.139346290356422,0.502307707115809,0.369190942646022,0.263191445784126,0.93693310514096,0.00985391309889929
53616,"ADAM22","hsa-mir-493-5p","hsa-mir-543",0.694,0.096,0.0045,FALSE,"NA","NA","NA"," tarbase "," tarbase ",13.7642196343326,11.612786976573,0.369190942646022,0.263191445784126,0.138705142996499,0.667437689853678,0.112089111208394,0.250026708632009
54928,"BPNT2","hsa-mir-33a-5p","hsa-mir-139-5p",0.0355,0.576,0.0025,FALSE,"NA","NA","NA"," tarbase "," tarbase ",18.3535950492124,17.2454501775218,0.447491136144913,-0.181308057125082,0.00185470694674311,-0.606128351485674,0.677839944458712,-0.0516579744611617
55870,"ASH1L","hsa-mir-582-3p","hsa-mir-139-5p",0.084,0.474,0.004,TRUE,"NA","NA","NA"," tarbase "," tarbase ",18.1167848088653,16.5866708781651,0.223889083658049,-0.24184396948326,0.00185470694674311,-0.606128351485674,0.58660520119095,0.0712932670403017
79832,"QSER1","hsa-mir-148a-3p","hsa-mir-221-5p",0.798,0.078,0.0015,FALSE,"NA","NA","NA"," tarbase ","mirtarbase  ",16.7441026553203,15.5905344642136,0.102174704612462,-0.21723235571998,0.0974981285092568,1.0569878721258,0.649339392060742,0.0609004507062473
84668,"FAM126A","hsa-mir-192-5p","hsa-mir-215-5p",0.052,0.014,5e-04,FALSE,"NA","NA","NA","mirtarbase tarbase ","mirtarbase tarbase ",14.1675042235844,12.8930896717668,0.157967403548531,-0.19618679903471,0.768495116684465,-0.0625900578394906,0.383609169640651,-0.122073218779354
93134,"ZNF561","hsa-mir-196b-5p","hsa-mir-196a-5p",0.4025,0.1765,0,TRUE,"NA","NA","NA"," tarbase "," tarbase ",17.1781895964344,16.0292151351692,0.00676057129691608,0.783918424892433,0.0164293854966801,1.33664549308257,0.774785432367832,0.0374580203723469
124540,"MSI2","hsa-mir-221-5p","hsa-mir-155-5p",0.9245,0.544,0.008,FALSE,"NA","NA","<a href='https://pubmed.ncbi.nlm.nih.gov/30034243'>PubMedLink</a>"," tarbase ","mirtarbase tarbase ",17.1762519882363,16.1327188825675,0.0974981285092568,1.0569878721258,0.39315082294049,0.172749540782749,0.2701085171574,0.149091137910571
144108,"SPTY2D1","hsa-mir-33a-5p","hsa-mir-629-3p",0.556,0.8645,0.007,FALSE,"NA","NA","NA"," tarbase "," tarbase ",17.3360927521222,16.1334208743626,0.447491136144913,-0.181308057125082,0.32988758925381,0.354910105792312,0.95612321899002,-0.00716981107963103
221035,"REEP3","hsa-mir-32-3p","hsa-mir-548j-5p",0.649,0.309,0.0075,FALSE,"NA","NA","NA"," tarbase "," tarbase ",18.6080060729231,17.4837660059298,0.976677754901523,0.0144037289993261,0.0771155731727196,-0.877754002589558,0.74183980949011,-0.0414602062842922
375035,"SFT2D2","hsa-mir-139-5p","hsa-mir-582-3p",0.253,0.0175,0.004,FALSE,"NA","NA","NA"," tarbase "," tarbase ",18.7369818552197,17.4601630677574,0.00185470694674311,-0.606128351485674,0.223889083658049,-0.24184396948326,0.748063276770407,0.0411649672849237
440590,"ZYG11A","hsa-mir-30b-3p","hsa-mir-3130-5p",0.451,0.6585,0.0075,FALSE,"NA","NA","NA","mirtarbase  ","mirtarbase  ",9.28740877392412,7.90540507261594,0.588443578378248,-0.173293644650505,0.682026389147025,-0.140733106090352,0.00116318438784372,-0.739117412528804
